,oddsportal,matchday,home_team,away_team,correct_score,1N2_1,1N2_N,1N2_2,betexplorer,matchdate,period,location,season,competition,bet_won,target,odd_win,best_odd_won
0,soccer/world/world-cup-2006/italy-france-4Y9TBwM5,09.07.2006,Italy,France,2:1,2.57,2.79,3.18,https://www.betexplorer.com/soccer/world/world-cup-2006/results/?stage=rVr9374R,2006-07-09,2006-07,world,2006,world-cup,1,0.0,2.57,True
1,soccer/world/world-cup-2006/germany-portugal-MPnHCJ6a,08.07.2006,Germany,Portugal,3:1,1.83,3.36,4.31,https://www.betexplorer.com/soccer/world/world-cup-2006/results/?stage=rVr9374R,2006-07-08,2006-07,world,2006,world-cup,1,0.0,1.83,True
2,soccer/world/world-cup-2006/portugal-france-hjrDDaig,05.07.2006,Portugal,France,0:1,3.84,2.87,2.14,https://www.betexplorer.com/soccer/world/world-cup-2006/results/?stage=rVr9374R,2006-07-05,2006-07,world,2006,world-cup,2,2.0,2.14,True
3,soccer/world/world-cup-2006/germany-italy-Eaq9Euxm,04.07.2006,Germany,Italy,0:2,2.43,2.87,3.21,https://www.betexplorer.com/soccer/world/world-cup-2006/results/?stage=rVr9374R,2006-07-04,2006-07,world,2006,world-cup,2,2.0,3.21,False
4,soccer/world/world-cup-2006/brazil-france-Wzf4FLMt,01.07.2006,Brazil,France,0:1,1.74,3.34,5.04,https://www.betexplorer.com/soccer/world/world-cup-2006/results/?stage=rVr9374R,2006-07-01,2006-07,world,2006,world-cup,2,2.0,5.04,False
5,soccer/world/world-cup-2006/england-portugal-fF2xK1EP,01.07.2006,England,Portugal,0:1,2.11,3.02,3.7,https://www.betexplorer.com/soccer/world/world-cup-2006/results/?stage=rVr9374R,2006-07-01,2006-07,world,2006,world-cup,2,2.0,3.7,False
6,soccer/world/world-cup-2006/germany-argentina-b3irdbMI,30.06.2006,Germany,Argentina,2:1,2.55,3.0,2.89,https://www.betexplorer.com/soccer/world/world-cup-2006/results/?stage=rVr9374R,2006-06-30,2006-06,world,2006,world-cup,1,0.0,2.55,True
7,soccer/world/world-cup-2006/italy-ukraine-xfjneIyP,30.06.2006,Italy,Ukraine,3:0,1.58,3.4,6.86,https://www.betexplorer.com/soccer/world/world-cup-2006/results/?stage=rVr9374R,2006-06-30,2006-06,world,2006,world-cup,1,0.0,1.58,True
8,soccer/world/world-cup-2006/brazil-ghana-hjMsbKi6,27.06.2006,Brazil,Ghana,3:0,1.26,5.23,10.63,https://www.betexplorer.com/soccer/world/world-cup-2006/results/?stage=rVr9374R,2006-06-27,2006-06,world,2006,world-cup,1,0.0,1.26,True
9,soccer/world/world-cup-2006/spain-france-WtLocv7C,27.06.2006,Spain,France,1:3,2.33,3.0,3.19,https://www.betexplorer.com/soccer/world/world-cup-2006/results/?stage=rVr9374R,2006-06-27,2006-06,world,2006,world-cup,2,2.0,3.19,False
10,soccer/world/world-cup-2006/italy-australia-t8fRatNg,26.06.2006,Italy,Australia,1:0,1.53,3.72,6.94,https://www.betexplorer.com/soccer/world/world-cup-2006/results/?stage=rVr9374R,2006-06-26,2006-06,world,2006,world-cup,1,0.0,1.53,True
11,soccer/world/world-cup-2006/switzerland-ukraine-bTMwa0x0,26.06.2006,Switzerland,Ukraine,0:1,2.4,3.01,3.14,https://www.betexplorer.com/soccer/world/world-cup-2006/results/?stage=rVr9374R,2006-06-26,2006-06,world,2006,world-cup,2,2.0,3.14,False
12,soccer/world/world-cup-2006/england-ecuador-Kh6I12hs,25.06.2006,England,Ecuador,1:0,1.5,3.78,6.99,https://www.betexplorer.com/soccer/world/world-cup-2006/results/?stage=rVr9374R,2006-06-25,2006-06,world,2006,world-cup,1,0.0,1.5,True
13,soccer/world/world-cup-2006/portugal-netherlands-bq5M0M7m,25.06.2006,Portugal,Netherlands,1:0,3.11,3.05,2.38,https://www.betexplorer.com/soccer/world/world-cup-2006/results/?stage=rVr9374R,2006-06-25,2006-06,world,2006,world-cup,1,0.0,3.11,False
14,soccer/world/world-cup-2006/argentina-mexico-S0Ej6rpQ,24.06.2006,Argentina,Mexico,2:1,1.36,4.2,10.01,https://www.betexplorer.com/soccer/world/world-cup-2006/results/?stage=rVr9374R,2006-06-24,2006-06,world,2006,world-cup,1,0.0,1.36,True
15,soccer/world/world-cup-2006/germany-sweden-lAFn7OUJ,24.06.2006,Germany,Sweden,2:0,1.63,3.51,5.73,https://www.betexplorer.com/soccer/world/world-cup-2006/results/?stage=rVr9374R,2006-06-24,2006-06,world,2006,world-cup,1,0.0,1.63,True
16,soccer/world/world-cup-2010/chile-spain-2BA24QMq,25.06.2010,Chile,Spain,1:2,6.84,4.12,1.5,https://www.betexplorer.com/soccer/world/world-cup-2010/results/?stage=QN1QYX1j,2010-06-25,2010-06,world,2010,world-cup,2,2.0,1.5,True
17,soccer/world/world-cup-2010/switzerland-honduras-QomZLhhH,25.06.2010,Switzerland,Honduras,0:0,1.54,3.97,6.5,https://www.betexplorer.com/soccer/world/world-cup-2010/results/?stage=QN1QYX1j,2010-06-25,2010-06,world,2010,world-cup,N,1.0,3.97,False
18,soccer/world/world-cup-2010/north-korea-ivory-coast-niU1RdOu,25.06.2010,North Korea,Ivory Coast,0:3,9.17,4.93,1.34,https://www.betexplorer.com/soccer/world/world-cup-2010/results/?stage=QN1QYX1j,2010-06-25,2010-06,world,2010,world-cup,2,2.0,1.34,True
19,soccer/world/world-cup-2010/portugal-brazil-QsT5QGwn,25.06.2010,Portugal,Brazil,0:0,3.51,2.92,2.35,https://www.betexplorer.com/soccer/world/world-cup-2010/results/?stage=QN1QYX1j,2010-06-25,2010-06,world,2010,world-cup,N,1.0,2.92,False
20,soccer/world/world-cup-2010/paraguay-new-zealand-EJsW9eg5,24.06.2010,Paraguay,New Zealand,0:0,1.39,4.37,9.41,https://www.betexplorer.com/soccer/world/world-cup-2010/results/?stage=QN1QYX1j,2010-06-24,2010-06,world,2010,world-cup,N,1.0,4.37,False
21,soccer/world/world-cup-2010/slovakia-italy-WAKJAyva,24.06.2010,Slovakia,Italy,3:2,6.86,3.78,1.55,https://www.betexplorer.com/soccer/world/world-cup-2010/results/?stage=QN1QYX1j,2010-06-24,2010-06,world,2010,world-cup,1,0.0,6.86,False
22,soccer/world/world-cup-2010/cameroon-netherlands-8lTlgz9O,24.06.2010,Cameroon,Netherlands,1:2,5.34,3.7,1.67,https://www.betexplorer.com/soccer/world/world-cup-2010/results/?stage=QN1QYX1j,2010-06-24,2010-06,world,2010,world-cup,2,2.0,1.67,True
23,soccer/world/world-cup-2010/denmark-japan-UcUpfGgI,24.06.2010,Denmark,Japan,1:3,2.24,3.21,3.36,https://www.betexplorer.com/soccer/world/world-cup-2010/results/?stage=QN1QYX1j,2010-06-24,2010-06,world,2010,world-cup,2,2.0,3.36,False
24,soccer/world/world-cup-2010/australia-serbia-Kpne6t2J,23.06.2010,Australia,Serbia,2:1,4.33,3.54,1.85,https://www.betexplorer.com/soccer/world/world-cup-2010/results/?stage=QN1QYX1j,2010-06-23,2010-06,world,2010,world-cup,1,0.0,4.33,False
25,soccer/world/world-cup-2010/ghana-germany-Cfc6clbJ,23.06.2010,Ghana,Germany,0:1,7.68,4.27,1.45,https://www.betexplorer.com/soccer/world/world-cup-2010/results/?stage=QN1QYX1j,2010-06-23,2010-06,world,2010,world-cup,2,2.0,1.45,True
26,soccer/world/world-cup-2010/slovenia-england-ImKFpBED,23.06.2010,Slovenia,England,0:1,8.01,4.27,1.43,https://www.betexplorer.com/soccer/world/world-cup-2010/results/?stage=QN1QYX1j,2010-06-23,2010-06,world,2010,world-cup,2,2.0,1.43,True
27,soccer/world/world-cup-2010/usa-algeria-lCzA8E6K,23.06.2010,USA,Algeria,1:0,1.86,3.57,4.21,https://www.betexplorer.com/soccer/world/world-cup-2010/results/?stage=QN1QYX1j,2010-06-23,2010-06,world,2010,world-cup,1,0.0,1.86,True
28,soccer/world/world-cup-2010/greece-argentina-61p693oc,22.06.2010,Greece,Argentina,0:2,7.35,4.13,1.47,https://www.betexplorer.com/soccer/world/world-cup-2010/results/?stage=QN1QYX1j,2010-06-22,2010-06,world,2010,world-cup,2,2.0,1.47,True
29,soccer/world/world-cup-2010/nigeria-south-korea-0vrFpK8d,22.06.2010,Nigeria,South Korea,2:2,2.91,3.31,2.43,https://www.betexplorer.com/soccer/world/world-cup-2010/results/?stage=QN1QYX1j,2010-06-22,2010-06,world,2010,world-cup,N,1.0,3.31,False
30,soccer/world/world-cup-2010/france-south-africa-zVXBepHc,22.06.2010,France,South Africa,1:2,2.09,3.44,3.47,https://www.betexplorer.com/soccer/world/world-cup-2010/results/?stage=QN1QYX1j,2010-06-22,2010-06,world,2010,world-cup,2,2.0,3.47,False
31,soccer/world/world-cup-2010/mexico-uruguay-dvZ7dQ1i,22.06.2010,Mexico,Uruguay,0:1,3.69,1.94,3.64,https://www.betexplorer.com/soccer/world/world-cup-2010/results/?stage=QN1QYX1j,2010-06-22,2010-06,world,2010,world-cup,2,2.0,3.64,False
32,soccer/world/world-cup-2010/chile-switzerland-E3LINEN4,21.06.2010,Chile,Switzerland,1:0,2.15,3.15,3.66,https://www.betexplorer.com/soccer/world/world-cup-2010/results/?stage=QN1QYX1j,2010-06-21,2010-06,world,2010,world-cup,1,0.0,2.15,True
33,soccer/world/world-cup-2010/spain-honduras-dCrVMYxB,21.06.2010,Spain,Honduras,2:0,1.11,8.58,24.11,https://www.betexplorer.com/soccer/world/world-cup-2010/results/?stage=QN1QYX1j,2010-06-21,2010-06,world,2010,world-cup,1,0.0,1.11,True
34,soccer/world/world-cup-2010/portugal-north-korea-raZn6DhU,21.06.2010,Portugal,North Korea,7:0,1.36,4.49,10.0,https://www.betexplorer.com/soccer/world/world-cup-2010/results/?stage=QN1QYX1j,2010-06-21,2010-06,world,2010,world-cup,1,0.0,1.36,True
35,soccer/world/world-cup-2010/brazil-ivory-coast-48zq7gwO,20.06.2010,Brazil,Ivory Coast,3:1,1.73,3.44,5.36,https://www.betexplorer.com/soccer/world/world-cup-2010/results/?stage=QN1QYX1j,2010-06-20,2010-06,world,2010,world-cup,1,0.0,1.73,True
36,soccer/world/world-cup-2010/italy-new-zealand-OpLFBHOh,20.06.2010,Italy,New Zealand,1:1,1.21,5.89,16.61,https://www.betexplorer.com/soccer/world/world-cup-2010/results/?stage=QN1QYX1j,2010-06-20,2010-06,world,2010,world-cup,N,1.0,5.89,False
37,soccer/world/world-cup-2010/slovakia-paraguay-pfMBCc9n,20.06.2010,Slovakia,Paraguay,0:2,3.83,3.2,2.06,https://www.betexplorer.com/soccer/world/world-cup-2010/results/?stage=QN1QYX1j,2010-06-20,2010-06,world,2010,world-cup,2,2.0,2.06,True
38,soccer/world/world-cup-2010/cameroon-denmark-CMZuedvC,19.06.2010,Cameroon,Denmark,1:2,2.87,3.2,2.54,https://www.betexplorer.com/soccer/world/world-cup-2010/results/?stage=QN1QYX1j,2010-06-19,2010-06,world,2010,world-cup,2,2.0,2.54,True
39,soccer/world/world-cup-2010/netherlands-japan-YVzxdxP5,19.06.2010,Netherlands,Japan,1:0,1.43,4.12,8.67,https://www.betexplorer.com/soccer/world/world-cup-2010/results/?stage=QN1QYX1j,2010-06-19,2010-06,world,2010,world-cup,1,0.0,1.43,True
40,soccer/world/world-cup-2010/ghana-australia-4UgbaAT6,19.06.2010,Ghana,Australia,1:1,2.31,3.15,3.25,https://www.betexplorer.com/soccer/world/world-cup-2010/results/?stage=QN1QYX1j,2010-06-19,2010-06,world,2010,world-cup,N,1.0,3.15,False
41,soccer/world/world-cup-2010/germany-serbia-Qwef0jE0,18.06.2010,Germany,Serbia,0:1,1.63,3.73,5.79,https://www.betexplorer.com/soccer/world/world-cup-2010/results/?stage=QN1QYX1j,2010-06-18,2010-06,world,2010,world-cup,2,2.0,5.79,False
42,soccer/world/world-cup-2010/england-algeria-dYV6nXq1,18.06.2010,England,Algeria,0:0,1.22,5.84,15.2,https://www.betexplorer.com/soccer/world/world-cup-2010/results/?stage=QN1QYX1j,2010-06-18,2010-06,world,2010,world-cup,N,1.0,5.84,False
43,soccer/world/world-cup-2010/slovenia-usa-jyTblgFl,18.06.2010,Slovenia,USA,2:2,3.69,3.18,2.12,https://www.betexplorer.com/soccer/world/world-cup-2010/results/?stage=QN1QYX1j,2010-06-18,2010-06,world,2010,world-cup,N,1.0,3.18,False
44,soccer/world/world-cup-2010/argentina-south-korea-SCU7ntvp,17.06.2010,Argentina,South Korea,4:1,1.5,3.85,7.68,https://www.betexplorer.com/soccer/world/world-cup-2010/results/?stage=QN1QYX1j,2010-06-17,2010-06,world,2010,world-cup,1,0.0,1.5,True
45,soccer/world/world-cup-2010/greece-nigeria-MmqBo0gj,17.06.2010,Greece,Nigeria,2:1,3.81,3.17,2.09,https://www.betexplorer.com/soccer/world/world-cup-2010/results/?stage=QN1QYX1j,2010-06-17,2010-06,world,2010,world-cup,1,0.0,3.81,False
46,soccer/world/world-cup-2010/france-mexico-vJMHXtPj,17.06.2010,France,Mexico,0:2,2.08,3.13,3.86,https://www.betexplorer.com/soccer/world/world-cup-2010/results/?stage=QN1QYX1j,2010-06-17,2010-06,world,2010,world-cup,2,2.0,3.86,False
47,soccer/world/world-cup-2010/honduras-chile-WvWDOf8b,16.06.2010,Honduras,Chile,0:1,5.77,3.44,1.69,https://www.betexplorer.com/soccer/world/world-cup-2010/results/?stage=QN1QYX1j,2010-06-16,2010-06,world,2010,world-cup,2,2.0,1.69,True
48,soccer/world/world-cup-2010/spain-switzerland-K4S9Pzgh,16.06.2010,Spain,Switzerland,0:1,1.27,5.19,13.8,https://www.betexplorer.com/soccer/world/world-cup-2010/results/?stage=QN1QYX1j,2010-06-16,2010-06,world,2010,world-cup,2,2.0,13.8,False
49,soccer/world/world-cup-2010/south-africa-uruguay-SrJDYM9p,16.06.2010,South Africa,Uruguay,0:3,3.28,3.04,2.38,https://www.betexplorer.com/soccer/world/world-cup-2010/results/?stage=QN1QYX1j,2010-06-16,2010-06,world,2010,world-cup,2,2.0,2.38,True
50,soccer/world/world-cup-2010/brazil-north-korea-Aoyu8ZNH,15.06.2010,Brazil,North Korea,2:1,1.1,9.3,29.85,https://www.betexplorer.com/soccer/world/world-cup-2010/results/?stage=QN1QYX1j,2010-06-15,2010-06,world,2010,world-cup,1,0.0,1.1,True
51,soccer/world/world-cup-2010/ivory-coast-portugal-drXz9F8B,15.06.2010,Ivory Coast,Portugal,0:0,3.79,3.18,2.09,https://www.betexplorer.com/soccer/world/world-cup-2010/results/?stage=QN1QYX1j,2010-06-15,2010-06,world,2010,world-cup,N,1.0,3.18,False
52,soccer/world/world-cup-2010/new-zealand-slovakia-2VW6Dwft,15.06.2010,New Zealand,Slovakia,1:1,7.55,3.87,1.5,https://www.betexplorer.com/soccer/world/world-cup-2010/results/?stage=QN1QYX1j,2010-06-15,2010-06,world,2010,world-cup,N,1.0,3.87,False
53,soccer/world/world-cup-2010/italy-paraguay-Q9uuIJoP,14.06.2010,Italy,Paraguay,1:1,2.12,3.01,3.85,https://www.betexplorer.com/soccer/world/world-cup-2010/results/?stage=QN1QYX1j,2010-06-14,2010-06,world,2010,world-cup,N,1.0,3.01,False
54,soccer/world/world-cup-2010/japan-cameroon-CrRZbbfg,14.06.2010,Japan,Cameroon,1:0,3.64,3.12,2.16,https://www.betexplorer.com/soccer/world/world-cup-2010/results/?stage=QN1QYX1j,2010-06-14,2010-06,world,2010,world-cup,1,0.0,3.64,False
55,soccer/world/world-cup-2010/netherlands-denmark-UJyVavum,14.06.2010,Netherlands,Denmark,2:0,1.51,3.94,7.07,https://www.betexplorer.com/soccer/world/world-cup-2010/results/?stage=QN1QYX1j,2010-06-14,2010-06,world,2010,world-cup,1,0.0,1.51,True
56,soccer/world/world-cup-2010/germany-australia-2JGp2Cql,13.06.2010,Germany,Australia,4:0,1.52,3.86,7.17,https://www.betexplorer.com/soccer/world/world-cup-2010/results/?stage=QN1QYX1j,2010-06-13,2010-06,world,2010,world-cup,1,0.0,1.52,True
57,soccer/world/world-cup-2010/serbia-ghana-8dHt3hUs,13.06.2010,Serbia,Ghana,0:1,2.01,3.22,4.03,https://www.betexplorer.com/soccer/world/world-cup-2010/results/?stage=QN1QYX1j,2010-06-13,2010-06,world,2010,world-cup,2,2.0,4.03,False
58,soccer/world/world-cup-2010/algeria-slovenia-8S5nkZar,13.06.2010,Algeria,Slovenia,0:1,3.69,3.14,2.13,https://www.betexplorer.com/soccer/world/world-cup-2010/results/?stage=QN1QYX1j,2010-06-13,2010-06,world,2010,world-cup,2,2.0,2.13,True
59,soccer/world/world-cup-2010/england-usa-ERmE7sG9,12.06.2010,England,USA,1:1,1.5,4.05,6.94,https://www.betexplorer.com/soccer/world/world-cup-2010/results/?stage=QN1QYX1j,2010-06-12,2010-06,world,2010,world-cup,N,1.0,4.05,False
60,soccer/world/world-cup-2010/argentina-nigeria-QJQOhr1G,12.06.2010,Argentina,Nigeria,1:0,1.39,4.4,8.96,https://www.betexplorer.com/soccer/world/world-cup-2010/results/?stage=QN1QYX1j,2010-06-12,2010-06,world,2010,world-cup,1,0.0,1.39,True
61,soccer/world/world-cup-2010/south-korea-greece-WdRKgOoA,12.06.2010,South Korea,Greece,2:0,2.69,2.99,2.87,https://www.betexplorer.com/soccer/world/world-cup-2010/results/?stage=QN1QYX1j,2010-06-12,2010-06,world,2010,world-cup,1,0.0,2.69,True
62,soccer/world/world-cup-2010/south-africa-mexico-EywwuPWG,11.06.2010,South Africa,Mexico,1:1,2.95,3.11,2.54,https://www.betexplorer.com/soccer/world/world-cup-2010/results/?stage=QN1QYX1j,2010-06-11,2010-06,world,2010,world-cup,N,1.0,3.11,False
63,soccer/world/world-cup-2010/uruguay-france-rBssvqnN,11.06.2010,Uruguay,France,0:0,3.53,3.16,2.19,https://www.betexplorer.com/soccer/world/world-cup-2010/results/?stage=QN1QYX1j,2010-06-11,2010-06,world,2010,world-cup,N,1.0,3.16,False
64,soccer/world/world-cup-2010/netherlands-spain-ILP9hhls,11.07.2010,Netherlands,Spain,0:1,3.82,3.36,2.03,https://www.betexplorer.com/soccer/world/world-cup-2010/results/?stage=lxOVoutChttps://www.betexplorer.com/soccer/world/world-cup-2014/results/?stage=61tCiOIs,2010-07-11,2010-07,world,2010,world-cup,2,2.0,2.03,True
65,soccer/world/world-cup-2010/uruguay-germany-dCODiC3m,10.07.2010,Uruguay,Germany,2:3,3.87,3.61,1.92,https://www.betexplorer.com/soccer/world/world-cup-2010/results/?stage=lxOVoutChttps://www.betexplorer.com/soccer/world/world-cup-2014/results/?stage=61tCiOIs,2010-07-10,2010-07,world,2010,world-cup,2,2.0,1.92,True
66,soccer/world/world-cup-2010/germany-spain-Iux5u3I2,07.07.2010,Germany,Spain,0:1,2.78,3.33,2.55,https://www.betexplorer.com/soccer/world/world-cup-2010/results/?stage=lxOVoutChttps://www.betexplorer.com/soccer/world/world-cup-2014/results/?stage=61tCiOIs,2010-07-07,2010-07,world,2010,world-cup,2,2.0,2.55,True
67,soccer/world/world-cup-2010/uruguay-netherlands-04odn2C3,06.07.2010,Uruguay,Netherlands,2:3,5.51,3.5,1.7,https://www.betexplorer.com/soccer/world/world-cup-2010/results/?stage=lxOVoutChttps://www.betexplorer.com/soccer/world/world-cup-2014/results/?stage=61tCiOIs,2010-07-06,2010-07,world,2010,world-cup,2,2.0,1.7,True
68,soccer/world/world-cup-2010/argentina-germany-O4Ji0h8m,03.07.2010,Argentina,Germany,0:4,2.31,3.25,3.18,https://www.betexplorer.com/soccer/world/world-cup-2010/results/?stage=lxOVoutChttps://www.betexplorer.com/soccer/world/world-cup-2014/results/?stage=61tCiOIs,2010-07-03,2010-07,world,2010,world-cup,2,2.0,3.18,False
69,soccer/world/world-cup-2010/paraguay-spain-4Y9xUUhq,03.07.2010,Paraguay,Spain,0:1,8.9,4.29,1.41,https://www.betexplorer.com/soccer/world/world-cup-2010/results/?stage=lxOVoutChttps://www.betexplorer.com/soccer/world/world-cup-2014/results/?stage=61tCiOIs,2010-07-03,2010-07,world,2010,world-cup,2,2.0,1.41,True
70,soccer/world/world-cup-2010/netherlands-brazil-QVOdybrJ,02.07.2010,Netherlands,Brazil,2:1,4.09,3.27,1.99,https://www.betexplorer.com/soccer/world/world-cup-2010/results/?stage=lxOVoutChttps://www.betexplorer.com/soccer/world/world-cup-2014/results/?stage=61tCiOIs,2010-07-02,2010-07,world,2010,world-cup,1,0.0,4.09,False
71,soccer/world/world-cup-2010/uruguay-ghana-EJ3M0vhl,02.07.2010,Uruguay,Ghana,2:1,1.89,3.27,4.49,https://www.betexplorer.com/soccer/world/world-cup-2010/results/?stage=lxOVoutChttps://www.betexplorer.com/soccer/world/world-cup-2014/results/?stage=61tCiOIs,2010-07-02,2010-07,world,2010,world-cup,1,0.0,1.89,True
72,soccer/world/world-cup-2010/paraguay-japan-ne6sEjdk,29.06.2010,Paraguay,Japan,1:0,2.18,3.12,3.61,https://www.betexplorer.com/soccer/world/world-cup-2010/results/?stage=lxOVoutChttps://www.betexplorer.com/soccer/world/world-cup-2014/results/?stage=61tCiOIs,2010-06-29,2010-06,world,2010,world-cup,1,0.0,2.18,True
73,soccer/world/world-cup-2010/spain-portugal-W6CNn65b,29.06.2010,Spain,Portugal,1:0,1.98,3.19,4.2,https://www.betexplorer.com/soccer/world/world-cup-2010/results/?stage=lxOVoutChttps://www.betexplorer.com/soccer/world/world-cup-2014/results/?stage=61tCiOIs,2010-06-29,2010-06,world,2010,world-cup,1,0.0,1.98,True
74,soccer/world/world-cup-2010/brazil-chile-I38Jmnjh,28.06.2010,Brazil,Chile,3:0,1.52,3.96,6.88,https://www.betexplorer.com/soccer/world/world-cup-2010/results/?stage=lxOVoutChttps://www.betexplorer.com/soccer/world/world-cup-2014/results/?stage=61tCiOIs,2010-06-28,2010-06,world,2010,world-cup,1,0.0,1.52,True
75,soccer/world/world-cup-2010/netherlands-slovakia-847wFWtq,28.06.2010,Netherlands,Slovakia,2:1,1.39,4.42,9.22,https://www.betexplorer.com/soccer/world/world-cup-2010/results/?stage=lxOVoutChttps://www.betexplorer.com/soccer/world/world-cup-2014/results/?stage=61tCiOIs,2010-06-28,2010-06,world,2010,world-cup,1,0.0,1.39,True
76,soccer/world/world-cup-2010/argentina-mexico-U7sGIHJl,27.06.2010,Argentina,Mexico,3:1,1.6,3.7,6.2,https://www.betexplorer.com/soccer/world/world-cup-2010/results/?stage=lxOVoutChttps://www.betexplorer.com/soccer/world/world-cup-2014/results/?stage=61tCiOIs,2010-06-27,2010-06,world,2010,world-cup,1,0.0,1.6,True
77,soccer/world/world-cup-2010/germany-england-OhTtb8NQ,27.06.2010,Germany,England,4:1,2.97,3.01,2.6,https://www.betexplorer.com/soccer/world/world-cup-2010/results/?stage=lxOVoutChttps://www.betexplorer.com/soccer/world/world-cup-2014/results/?stage=61tCiOIs,2010-06-27,2010-06,world,2010,world-cup,1,0.0,2.97,False
78,soccer/world/world-cup-2010/uruguay-south-korea-CnF3Jc4r,26.06.2010,Uruguay,South Korea,2:1,1.83,3.28,4.86,https://www.betexplorer.com/soccer/world/world-cup-2010/results/?stage=lxOVoutChttps://www.betexplorer.com/soccer/world/world-cup-2014/results/?stage=61tCiOIs,2010-06-26,2010-06,world,2010,world-cup,1,0.0,1.83,True
79,soccer/world/world-cup-2010/usa-ghana-tUwxal8K,26.06.2010,USA,Ghana,1:2,2.41,3.07,3.19,https://www.betexplorer.com/soccer/world/world-cup-2010/results/?stage=lxOVoutChttps://www.betexplorer.com/soccer/world/world-cup-2014/results/?stage=61tCiOIs,2010-06-26,2010-06,world,2010,world-cup,2,2.0,3.19,False
80,soccer/world/world-cup-2014/germany-argentina-jFEwehyT,13.07.2014,Germany,Argentina,1:0,2.34,3.25,3.32,https://www.betexplorer.com/soccer/world/world-cup-2014/results/?stage=lMyc6LHg,2014-07-13,2014-07,world,2014,world-cup,1,0.0,2.34,True
81,soccer/world/world-cup-2014/brazil-netherlands-hO05jCqp,12.07.2014,Brazil,Netherlands,0:3,2.17,3.67,3.28,https://www.betexplorer.com/soccer/world/world-cup-2014/results/?stage=lMyc6LHg,2014-07-12,2014-07,world,2014,world-cup,2,2.0,3.28,False
82,soccer/world/world-cup-2014/netherlands-argentina-ptv6iUXH,09.07.2014,Netherlands,Argentina,0:1,3.03,3.2,2.52,https://www.betexplorer.com/soccer/world/world-cup-2014/results/?stage=lMyc6LHg,2014-07-09,2014-07,world,2014,world-cup,2,2.0,2.52,True
83,soccer/world/world-cup-2014/brazil-germany-GbHo73tP,08.07.2014,Brazil,Germany,1:7,2.63,3.15,2.91,https://www.betexplorer.com/soccer/world/world-cup-2014/results/?stage=lMyc6LHg,2014-07-08,2014-07,world,2014,world-cup,2,2.0,2.91,False
84,soccer/world/world-cup-2014/argentina-belgium-EmxoRQ4R,05.07.2014,Argentina,Belgium,1:0,1.98,3.33,4.2,https://www.betexplorer.com/soccer/world/world-cup-2014/results/?stage=lMyc6LHg,2014-07-05,2014-07,world,2014,world-cup,1,0.0,1.98,True
85,soccer/world/world-cup-2014/netherlands-costa-rica-xtQMTjJ9,05.07.2014,Netherlands,Costa Rica,1:0,1.52,4.14,7.02,https://www.betexplorer.com/soccer/world/world-cup-2014/results/?stage=lMyc6LHg,2014-07-05,2014-07,world,2014,world-cup,1,0.0,1.52,True
86,soccer/world/world-cup-2014/brazil-colombia-MJbcWzMO,04.07.2014,Brazil,Colombia,2:1,1.77,3.74,4.82,https://www.betexplorer.com/soccer/world/world-cup-2014/results/?stage=lMyc6LHg,2014-07-04,2014-07,world,2014,world-cup,1,0.0,1.77,True
87,soccer/world/world-cup-2014/france-germany-xjc08Nul,04.07.2014,France,Germany,0:1,2.79,3.12,2.76,https://www.betexplorer.com/soccer/world/world-cup-2014/results/?stage=lMyc6LHg,2014-07-04,2014-07,world,2014,world-cup,2,2.0,2.76,True
88,soccer/world/world-cup-2014/argentina-switzerland-WpM9406A,01.07.2014,Argentina,Switzerland,1:0,1.57,4.11,6.24,https://www.betexplorer.com/soccer/world/world-cup-2014/results/?stage=lMyc6LHg,2014-07-01,2014-07,world,2014,world-cup,1,0.0,1.57,True
89,soccer/world/world-cup-2014/belgium-usa-lCoSCg1U,01.07.2014,Belgium,USA,2:1,2.01,3.35,4.05,https://www.betexplorer.com/soccer/world/world-cup-2014/results/?stage=lMyc6LHg,2014-07-01,2014-07,world,2014,world-cup,1,0.0,2.01,True
90,soccer/world/world-cup-2014/france-nigeria-xOM55ti4,30.06.2014,France,Nigeria,2:0,1.41,4.64,8.52,https://www.betexplorer.com/soccer/world/world-cup-2014/results/?stage=lMyc6LHg,2014-06-30,2014-06,world,2014,world-cup,1,0.0,1.41,True
91,soccer/world/world-cup-2014/germany-algeria-ALnODZoO,30.06.2014,Germany,Algeria,2:1,1.31,5.56,9.97,https://www.betexplorer.com/soccer/world/world-cup-2014/results/?stage=lMyc6LHg,2014-06-30,2014-06,world,2014,world-cup,1,0.0,1.31,True
92,soccer/world/world-cup-2014/costa-rica-greece-rXJcjMRC,29.06.2014,Costa Rica,Greece,2:1,2.65,3.09,2.91,https://www.betexplorer.com/soccer/world/world-cup-2014/results/?stage=lMyc6LHg,2014-06-29,2014-06,world,2014,world-cup,1,0.0,2.65,True
93,soccer/world/world-cup-2014/netherlands-mexico-bB2nY26j,29.06.2014,Netherlands,Mexico,2:1,2.13,3.3,3.69,https://www.betexplorer.com/soccer/world/world-cup-2014/results/?stage=lMyc6LHg,2014-06-29,2014-06,world,2014,world-cup,1,0.0,2.13,True
94,soccer/world/world-cup-2014/brazil-chile-KK3rZrip,28.06.2014,Brazil,Chile,2:1,1.52,4.43,6.25,https://www.betexplorer.com/soccer/world/world-cup-2014/results/?stage=lMyc6LHg,2014-06-28,2014-06,world,2014,world-cup,1,0.0,1.52,True
95,soccer/world/world-cup-2014/colombia-uruguay-08Uhi2C6,28.06.2014,Colombia,Uruguay,2:0,2.14,3.31,3.66,https://www.betexplorer.com/soccer/world/world-cup-2014/results/?stage=lMyc6LHg,2014-06-28,2014-06,world,2014,world-cup,1,0.0,2.14,True
96,soccer/world/world-cup-2018/japan-poland-8hE2oLEm,28.06.2018,Japan,Poland,0:1,2.92,3.14,2.69,https://www.betexplorer.com/soccer/world/world-cup-2018/results/?stage=OneVXSrp,2018-06-28,2018-06,world,2018,world-cup,2,2.0,2.69,True
97,soccer/world/world-cup-2018/senegal-colombia-nqD6puUg,28.06.2018,Senegal,Colombia,0:1,5.1,3.76,1.76,https://www.betexplorer.com/soccer/world/world-cup-2018/results/?stage=OneVXSrp,2018-06-28,2018-06,world,2018,world-cup,2,2.0,1.76,True
98,soccer/world/world-cup-2018/england-belgium-QVTybwsd,28.06.2018,England,Belgium,0:1,2.48,2.84,3.62,https://www.betexplorer.com/soccer/world/world-cup-2018/results/?stage=OneVXSrp,2018-06-28,2018-06,world,2018,world-cup,2,2.0,3.62,False
99,soccer/world/world-cup-2018/panama-tunisia-4MSuccd2,28.06.2018,Panama,Tunisia,1:2,4.36,3.73,1.86,https://www.betexplorer.com/soccer/world/world-cup-2018/results/?stage=OneVXSrp,2018-06-28,2018-06,world,2018,world-cup,2,2.0,1.86,True
100,soccer/world/world-cup-2018/mexico-sweden-4bpg61ZF,27.06.2018,Mexico,Sweden,0:3,2.22,3.38,3.49,https://www.betexplorer.com/soccer/world/world-cup-2018/results/?stage=OneVXSrp,2018-06-27,2018-06,world,2018,world-cup,2,2.0,3.49,False
101,soccer/world/world-cup-2018/south-korea-germany-Q7ok7sK9,27.06.2018,South Korea,Germany,2:0,19.12,8.12,1.16,https://www.betexplorer.com/soccer/world/world-cup-2018/results/?stage=OneVXSrp,2018-06-27,2018-06,world,2018,world-cup,1,0.0,19.12,False
102,soccer/world/world-cup-2018/serbia-brazil-8GnWjMZS,27.06.2018,Serbia,Brazil,0:2,7.29,4.62,1.47,https://www.betexplorer.com/soccer/world/world-cup-2018/results/?stage=OneVXSrp,2018-06-27,2018-06,world,2018,world-cup,2,2.0,1.47,True
103,soccer/world/world-cup-2018/switzerland-costa-rica-APYcntrp,27.06.2018,Switzerland,Costa Rica,2:2,1.6,3.66,7.39,https://www.betexplorer.com/soccer/world/world-cup-2018/results/?stage=OneVXSrp,2018-06-27,2018-06,world,2018,world-cup,N,1.0,3.66,False
104,soccer/world/world-cup-2018/iceland-croatia-CUjBepLc,26.06.2018,Iceland,Croatia,1:2,4.34,3.89,1.84,https://www.betexplorer.com/soccer/world/world-cup-2018/results/?stage=OneVXSrp,2018-06-26,2018-06,world,2018,world-cup,2,2.0,1.84,True
105,soccer/world/world-cup-2018/nigeria-argentina-Ywh7dQ5i,26.06.2018,Nigeria,Argentina,1:2,5.89,5.12,1.5,https://www.betexplorer.com/soccer/world/world-cup-2018/results/?stage=OneVXSrp,2018-06-26,2018-06,world,2018,world-cup,2,2.0,1.5,True
106,soccer/world/world-cup-2018/australia-peru-4OTquPzH,26.06.2018,Australia,Peru,0:2,2.91,3.49,2.48,https://www.betexplorer.com/soccer/world/world-cup-2018/results/?stage=OneVXSrp,2018-06-26,2018-06,world,2018,world-cup,2,2.0,2.48,True
107,soccer/world/world-cup-2018/denmark-france-QXUut5LA,26.06.2018,Denmark,France,0:0,5.3,2.76,2.07,https://www.betexplorer.com/soccer/world/world-cup-2018/results/?stage=OneVXSrp,2018-06-26,2018-06,world,2018,world-cup,N,1.0,2.76,False
108,soccer/world/world-cup-2018/iran-portugal-Sx3FPqyU,25.06.2018,Iran,Portugal,1:1,6.2,4.02,1.61,https://www.betexplorer.com/soccer/world/world-cup-2018/results/?stage=OneVXSrp,2018-06-25,2018-06,world,2018,world-cup,N,1.0,4.02,False
109,soccer/world/world-cup-2018/spain-morocco-UoksL3qo,25.06.2018,Spain,Morocco,2:2,1.36,5.05,9.86,https://www.betexplorer.com/soccer/world/world-cup-2018/results/?stage=OneVXSrp,2018-06-25,2018-06,world,2018,world-cup,N,1.0,5.05,False
110,soccer/world/world-cup-2018/saudi-arabia-egypt-dv2fU7Mb,25.06.2018,Saudi Arabia,Egypt,2:1,5.18,3.61,1.78,https://www.betexplorer.com/soccer/world/world-cup-2018/results/?stage=OneVXSrp,2018-06-25,2018-06,world,2018,world-cup,1,0.0,5.18,False
111,soccer/world/world-cup-2018/uruguay-russia-Im3jVm7h,25.06.2018,Uruguay,Russia,3:0,2.74,3.06,2.93,https://www.betexplorer.com/soccer/world/world-cup-2018/results/?stage=OneVXSrp,2018-06-25,2018-06,world,2018,world-cup,1,0.0,2.74,True
112,soccer/world/world-cup-2018/japan-senegal-EidU3TUE,24.06.2018,Japan,Senegal,2:2,3.18,2.93,2.64,https://www.betexplorer.com/soccer/world/world-cup-2018/results/?stage=OneVXSrp,2018-06-24,2018-06,world,2018,world-cup,N,1.0,2.93,False
113,soccer/world/world-cup-2018/poland-colombia-jHJcn1as,24.06.2018,Poland,Colombia,0:3,3.46,3.45,2.2,https://www.betexplorer.com/soccer/world/world-cup-2018/results/?stage=OneVXSrp,2018-06-24,2018-06,world,2018,world-cup,2,2.0,2.2,True
114,soccer/world/world-cup-2018/england-panama-ddPXbJRk,24.06.2018,England,Panama,6:1,1.22,6.3,17.65,https://www.betexplorer.com/soccer/world/world-cup-2018/results/?stage=OneVXSrp,2018-06-24,2018-06,world,2018,world-cup,1,0.0,1.22,True
115,soccer/world/world-cup-2018/belgium-tunisia-I5QTaaCq,23.06.2018,Belgium,Tunisia,5:2,1.34,5.08,11.26,https://www.betexplorer.com/soccer/world/world-cup-2018/results/?stage=OneVXSrp,2018-06-23,2018-06,world,2018,world-cup,1,0.0,1.34,True
116,soccer/world/world-cup-2018/germany-sweden-KfGl93kc,23.06.2018,Germany,Sweden,2:1,1.47,4.62,7.44,https://www.betexplorer.com/soccer/world/world-cup-2018/results/?stage=OneVXSrp,2018-06-23,2018-06,world,2018,world-cup,1,0.0,1.47,True
117,soccer/world/world-cup-2018/south-korea-mexico-boFh8N43,23.06.2018,South Korea,Mexico,1:2,5.56,3.79,1.7,https://www.betexplorer.com/soccer/world/world-cup-2018/results/?stage=OneVXSrp,2018-06-23,2018-06,world,2018,world-cup,2,2.0,1.7,True
118,soccer/world/world-cup-2018/brazil-costa-rica-0jqOhr5G,22.06.2018,Brazil,Costa Rica,2:0,1.2,6.71,19.0,https://www.betexplorer.com/soccer/world/world-cup-2018/results/?stage=OneVXSrp,2018-06-22,2018-06,world,2018,world-cup,1,0.0,1.2,True
119,soccer/world/world-cup-2018/serbia-switzerland-vsrSi2KM,22.06.2018,Serbia,Switzerland,1:2,2.75,3.03,2.94,https://www.betexplorer.com/soccer/world/world-cup-2018/results/?stage=OneVXSrp,2018-06-22,2018-06,world,2018,world-cup,2,2.0,2.94,False
120,soccer/world/world-cup-2018/nigeria-iceland-dM8OXtTj,22.06.2018,Nigeria,Iceland,2:0,2.98,3.08,2.69,https://www.betexplorer.com/soccer/world/world-cup-2018/results/?stage=OneVXSrp,2018-06-22,2018-06,world,2018,world-cup,1,0.0,2.98,False
121,soccer/world/world-cup-2018/argentina-croatia-IV9KYMDp,21.06.2018,Argentina,Croatia,0:3,2.1,3.26,4.04,https://www.betexplorer.com/soccer/world/world-cup-2018/results/?stage=OneVXSrp,2018-06-21,2018-06,world,2018,world-cup,2,2.0,4.04,False
122,soccer/world/world-cup-2018/denmark-australia-I7Vyso64,21.06.2018,Denmark,Australia,1:1,1.92,3.41,4.59,https://www.betexplorer.com/soccer/world/world-cup-2018/results/?stage=OneVXSrp,2018-06-21,2018-06,world,2018,world-cup,N,1.0,3.41,False
123,soccer/world/world-cup-2018/france-peru-vHWXsRjb,21.06.2018,France,Peru,1:0,1.61,3.85,6.59,https://www.betexplorer.com/soccer/world/world-cup-2018/results/?stage=OneVXSrp,2018-06-21,2018-06,world,2018,world-cup,1,0.0,1.61,True
124,soccer/world/world-cup-2018/iran-spain-A18AQPLN,20.06.2018,Iran,Spain,0:1,19.55,6.71,1.2,https://www.betexplorer.com/soccer/world/world-cup-2018/results/?stage=OneVXSrp,2018-06-20,2018-06,world,2018,world-cup,2,2.0,1.2,True
125,soccer/world/world-cup-2018/portugal-morocco-WA96R56H,20.06.2018,Portugal,Morocco,1:0,1.69,3.67,6.03,https://www.betexplorer.com/soccer/world/world-cup-2018/results/?stage=OneVXSrp,2018-06-20,2018-06,world,2018,world-cup,1,0.0,1.69,True
126,soccer/world/world-cup-2018/uruguay-saudi-arabia-lEbnWTin,20.06.2018,Uruguay,Saudi Arabia,1:0,1.21,6.67,17.99,https://www.betexplorer.com/soccer/world/world-cup-2018/results/?stage=OneVXSrp,2018-06-20,2018-06,world,2018,world-cup,1,0.0,1.21,True
127,soccer/world/world-cup-2018/colombia-japan-KUdQ49F8,19.06.2018,Colombia,Japan,1:2,1.87,3.35,5.1,https://www.betexplorer.com/soccer/world/world-cup-2018/results/?stage=OneVXSrp,2018-06-19,2018-06,world,2018,world-cup,2,2.0,5.1,False
128,soccer/world/world-cup-2018/poland-senegal-8fgM5k02,19.06.2018,Poland,Senegal,1:2,2.47,3.06,3.34,https://www.betexplorer.com/soccer/world/world-cup-2018/results/?stage=OneVXSrp,2018-06-19,2018-06,world,2018,world-cup,2,2.0,3.34,False
129,soccer/world/world-cup-2018/russia-egypt-ANarX9xt,19.06.2018,Russia,Egypt,3:1,1.96,3.5,4.31,https://www.betexplorer.com/soccer/world/world-cup-2018/results/?stage=OneVXSrp,2018-06-19,2018-06,world,2018,world-cup,1,0.0,1.96,True
130,soccer/world/world-cup-2018/belgium-panama-bLqc5LlM,18.06.2018,Belgium,Panama,3:0,1.21,6.77,18.3,https://www.betexplorer.com/soccer/world/world-cup-2018/results/?stage=OneVXSrp,2018-06-18,2018-06,world,2018,world-cup,1,0.0,1.21,True
131,soccer/world/world-cup-2018/tunisia-england-COm14u4S,18.06.2018,Tunisia,England,1:2,8.63,4.2,1.48,https://www.betexplorer.com/soccer/world/world-cup-2018/results/?stage=OneVXSrp,2018-06-18,2018-06,world,2018,world-cup,2,2.0,1.48,True
132,soccer/world/world-cup-2018/sweden-south-korea-6iS6pKCd,18.06.2018,Sweden,South Korea,1:0,2.25,3.04,3.89,https://www.betexplorer.com/soccer/world/world-cup-2018/results/?stage=OneVXSrp,2018-06-18,2018-06,world,2018,world-cup,1,0.0,2.25,True
133,soccer/world/world-cup-2018/germany-mexico-hlO2o0cj,17.06.2018,Germany,Mexico,0:1,1.48,4.5,7.38,https://www.betexplorer.com/soccer/world/world-cup-2018/results/?stage=OneVXSrp,2018-06-17,2018-06,world,2018,world-cup,2,2.0,7.38,False
134,soccer/world/world-cup-2018/brazil-switzerland-IRgJgOkA,17.06.2018,Brazil,Switzerland,1:1,1.47,4.38,8.24,https://www.betexplorer.com/soccer/world/world-cup-2018/results/?stage=OneVXSrp,2018-06-17,2018-06,world,2018,world-cup,N,1.0,4.38,False
135,soccer/world/world-cup-2018/costa-rica-serbia-6ijFf4z4,17.06.2018,Costa Rica,Serbia,0:1,5.26,3.39,1.84,https://www.betexplorer.com/soccer/world/world-cup-2018/results/?stage=OneVXSrp,2018-06-17,2018-06,world,2018,world-cup,2,2.0,1.84,True
136,soccer/world/world-cup-2018/argentina-iceland-nmJlvqjN,16.06.2018,Argentina,Iceland,1:1,1.33,5.29,11.1,https://www.betexplorer.com/soccer/world/world-cup-2018/results/?stage=OneVXSrp,2018-06-16,2018-06,world,2018,world-cup,N,1.0,5.29,False
137,soccer/world/world-cup-2018/croatia-nigeria-0jNhw35T,16.06.2018,Croatia,Nigeria,2:0,1.68,3.75,5.95,https://www.betexplorer.com/soccer/world/world-cup-2018/results/?stage=OneVXSrp,2018-06-16,2018-06,world,2018,world-cup,1,0.0,1.68,True
138,soccer/world/world-cup-2018/france-australia-rkwPqmMo,16.06.2018,France,Australia,2:1,1.26,6.95,10.99,https://www.betexplorer.com/soccer/world/world-cup-2018/results/?stage=OneVXSrp,2018-06-16,2018-06,world,2018,world-cup,1,0.0,1.26,True
139,soccer/world/world-cup-2018/peru-denmark-dhsTr7yh,16.06.2018,Peru,Denmark,0:1,3.67,3.08,2.31,https://www.betexplorer.com/soccer/world/world-cup-2018/results/?stage=OneVXSrp,2018-06-16,2018-06,world,2018,world-cup,2,2.0,2.31,True
140,soccer/world/world-cup-2018/morocco-iran-v3iaTRy5,15.06.2018,Morocco,Iran,0:1,2.21,2.96,4.17,https://www.betexplorer.com/soccer/world/world-cup-2018/results/?stage=OneVXSrp,2018-06-15,2018-06,world,2018,world-cup,2,2.0,4.17,False
141,soccer/world/world-cup-2018/portugal-spain-xlA2SoiB,15.06.2018,Portugal,Spain,3:3,4.31,3.25,2.04,https://www.betexplorer.com/soccer/world/world-cup-2018/results/?stage=OneVXSrp,2018-06-15,2018-06,world,2018,world-cup,N,1.0,3.25,False
142,soccer/world/world-cup-2018/egypt-uruguay-AqczPCpJ,15.06.2018,Egypt,Uruguay,0:1,8.35,4.09,1.5,https://www.betexplorer.com/soccer/world/world-cup-2018/results/?stage=OneVXSrp,2018-06-15,2018-06,world,2018,world-cup,2,2.0,1.5,True
143,soccer/world/world-cup-2018/russia-saudi-arabia-dtgWPhVC,14.06.2018,Russia,Saudi Arabia,5:0,1.45,4.31,9.04,https://www.betexplorer.com/soccer/world/world-cup-2018/results/?stage=OneVXSrp,2018-06-14,2018-06,world,2018,world-cup,1,0.0,1.45,True
144,soccer/world/world-cup-2018/france-croatia-2kQPzUIB,15.07.2018,France,Croatia,4:2,2.13,3.09,4.21,https://www.betexplorer.com/soccer/world/world-cup-2018/results/?stage=6BpzXnbj,2018-07-15,2018-07,world,2018,world-cup,1,0.0,2.13,True
145,soccer/world/world-cup-2018/belgium-england-ttPTZmYH,14.07.2018,Belgium,England,2:0,2.2,3.77,3.22,https://www.betexplorer.com/soccer/world/world-cup-2018/results/?stage=6BpzXnbj,2018-07-14,2018-07,world,2018,world-cup,1,0.0,2.2,True
146,soccer/world/world-cup-2018/croatia-england-vw29zXR1,11.07.2018,Croatia,England,2:1,3.87,2.99,2.28,https://www.betexplorer.com/soccer/world/world-cup-2018/results/?stage=6BpzXnbj,2018-07-11,2018-07,world,2018,world-cup,1,0.0,3.87,False
147,soccer/world/world-cup-2018/france-belgium-Ikzqgki4,10.07.2018,France,Belgium,1:0,2.59,3.13,3.04,https://www.betexplorer.com/soccer/world/world-cup-2018/results/?stage=6BpzXnbj,2018-07-10,2018-07,world,2018,world-cup,1,0.0,2.59,True
148,soccer/world/world-cup-2018/russia-croatia-WEqpywFK,07.07.2018,Russia,Croatia,2:3,4.06,3.17,2.12,https://www.betexplorer.com/soccer/world/world-cup-2018/results/?stage=6BpzXnbj,2018-07-07,2018-07,world,2018,world-cup,2,2.0,2.12,True
149,soccer/world/world-cup-2018/sweden-england-SSuflM65,07.07.2018,Sweden,England,0:2,5.09,3.37,1.85,https://www.betexplorer.com/soccer/world/world-cup-2018/results/?stage=6BpzXnbj,2018-07-07,2018-07,world,2018,world-cup,2,2.0,1.85,True
150,soccer/world/world-cup-2018/brazil-belgium-ruhUJyDI,06.07.2018,Brazil,Belgium,1:2,2.12,3.43,3.7,https://www.betexplorer.com/soccer/world/world-cup-2018/results/?stage=6BpzXnbj,2018-07-06,2018-07,world,2018,world-cup,2,2.0,3.7,False
151,soccer/world/world-cup-2018/uruguay-france-4v4us1ml,06.07.2018,Uruguay,France,0:2,4.64,3.11,2.02,https://www.betexplorer.com/soccer/world/world-cup-2018/results/?stage=6BpzXnbj,2018-07-06,2018-07,world,2018,world-cup,2,2.0,2.02,True
152,soccer/world/world-cup-2018/colombia-england-WIa8xROI,03.07.2018,Colombia,England,1:2,4.06,3.11,2.14,https://www.betexplorer.com/soccer/world/world-cup-2018/results/?stage=6BpzXnbj,2018-07-03,2018-07,world,2018,world-cup,2,2.0,2.14,True
153,soccer/world/world-cup-2018/sweden-switzerland-Cb0q8fL2,03.07.2018,Sweden,Switzerland,1:0,3.34,2.94,2.53,https://www.betexplorer.com/soccer/world/world-cup-2018/results/?stage=6BpzXnbj,2018-07-03,2018-07,world,2018,world-cup,1,0.0,3.34,False
154,soccer/world/world-cup-2018/belgium-japan-xd04w79C,02.07.2018,Belgium,Japan,3:2,1.42,4.7,8.77,https://www.betexplorer.com/soccer/world/world-cup-2018/results/?stage=6BpzXnbj,2018-07-02,2018-07,world,2018,world-cup,1,0.0,1.42,True
155,soccer/world/world-cup-2018/brazil-mexico-AgM0qBr2,02.07.2018,Brazil,Mexico,2:0,1.49,4.4,7.57,https://www.betexplorer.com/soccer/world/world-cup-2018/results/?stage=6BpzXnbj,2018-07-02,2018-07,world,2018,world-cup,1,0.0,1.49,True
156,soccer/world/world-cup-2018/croatia-denmark-vquzagAh,01.07.2018,Croatia,Denmark,2:1,1.96,3.22,4.69,https://www.betexplorer.com/soccer/world/world-cup-2018/results/?stage=6BpzXnbj,2018-07-01,2018-07,world,2018,world-cup,1,0.0,1.96,True
157,soccer/world/world-cup-2018/spain-russia-CpJqjmbf,01.07.2018,Spain,Russia,1:2,1.59,4.1,6.34,https://www.betexplorer.com/soccer/world/world-cup-2018/results/?stage=6BpzXnbj,2018-07-01,2018-07,world,2018,world-cup,2,2.0,6.34,False
158,soccer/world/world-cup-2018/france-argentina-dKkVaZfn,30.06.2018,France,Argentina,4:3,2.42,3.1,3.37,https://www.betexplorer.com/soccer/world/world-cup-2018/results/?stage=6BpzXnbj,2018-06-30,2018-06,world,2018,world-cup,1,0.0,2.42,True
159,soccer/world/world-cup-2018/uruguay-portugal-bsFuiTrl,30.06.2018,Uruguay,Portugal,2:1,3.03,2.98,2.72,https://www.betexplorer.com/soccer/world/world-cup-2018/results/?stage=6BpzXnbj,2018-06-30,2018-06,world,2018,world-cup,1,0.0,3.03,False
160,soccer/world/world-cup-2006/saudi-arabia-spain-WC9iqLxD,23.06.2006,Saudi Arabia,Spain,0:1,16.11,6.68,1.15,https://www.betexplorer.com/soccer/world/world-cup-2006/results/?stage=z1qq3mkL,2006-06-23,2006-06,world,2006,world-cup,2,2.0,1.15,True
161,soccer/world/world-cup-2006/ukraine-tunisia-rmDeruhJ,23.06.2006,Ukraine,Tunisia,1:0,1.61,3.55,6.1,https://www.betexplorer.com/soccer/world/world-cup-2006/results/?stage=z1qq3mkL,2006-06-23,2006-06,world,2006,world-cup,1,0.0,1.61,True
162,soccer/world/world-cup-2006/switzerland-south-korea-4hfOmqOs,23.06.2006,Switzerland,South Korea,2:0,2.01,2.87,4.3,https://www.betexplorer.com/soccer/world/world-cup-2006/results/?stage=z1qq3mkL,2006-06-23,2006-06,world,2006,world-cup,1,0.0,2.01,True
163,soccer/world/world-cup-2006/togo-france-SW2dhPFQ,23.06.2006,Togo,France,0:2,15.26,7.04,1.14,https://www.betexplorer.com/soccer/world/world-cup-2006/results/?stage=z1qq3mkL,2006-06-23,2006-06,world,2006,world-cup,2,2.0,1.14,True
164,soccer/world/world-cup-2006/croatia-australia-lGp2YNw1,22.06.2006,Croatia,Australia,2:2,2.23,3.2,2.95,https://www.betexplorer.com/soccer/world/world-cup-2006/results/?stage=z1qq3mkL,2006-06-22,2006-06,world,2006,world-cup,N,1.0,3.2,False
165,soccer/world/world-cup-2006/japan-brazil-zDtbZ3Of,22.06.2006,Japan,Brazil,1:4,12.0,5.25,1.21,https://www.betexplorer.com/soccer/world/world-cup-2006/results/?stage=z1qq3mkL,2006-06-22,2006-06,world,2006,world-cup,2,2.0,1.21,True
166,soccer/world/world-cup-2006/czech-republic-italy-nkL3r818,22.06.2006,Czech Republic,Italy,0:2,3.95,3.15,1.95,https://www.betexplorer.com/soccer/world/world-cup-2006/results/?stage=z1qq3mkL,2006-06-22,2006-06,world,2006,world-cup,2,2.0,1.95,True
167,soccer/world/world-cup-2006/ghana-usa-pzv7sSGE,22.06.2006,Ghana,USA,2:1,2.2,3.25,2.75,https://www.betexplorer.com/soccer/world/world-cup-2006/results/?stage=z1qq3mkL,2006-06-22,2006-06,world,2006,world-cup,1,0.0,2.2,True
168,soccer/world/world-cup-2006/iran-angola-CnReN6Pr,21.06.2006,Iran,Angola,1:1,2.4,3.1,2.6,https://www.betexplorer.com/soccer/world/world-cup-2006/results/?stage=z1qq3mkL,2006-06-21,2006-06,world,2006,world-cup,N,1.0,3.1,False
169,soccer/world/world-cup-2006/portugal-mexico-dhzKvZfG,21.06.2006,Portugal,Mexico,2:1,2.2,2.62,3.5,https://www.betexplorer.com/soccer/world/world-cup-2006/results/?stage=z1qq3mkL,2006-06-21,2006-06,world,2006,world-cup,1,0.0,2.2,True
170,soccer/world/world-cup-2006/ivory-coast-serbia-and-montenegro-nH9KJXIj,21.06.2006,Ivory Coast,Serbia and Montenegro,3:2,2.1,3.2,3.0,https://www.betexplorer.com/soccer/world/world-cup-2006/results/?stage=z1qq3mkL,2006-06-21,2006-06,world,2006,world-cup,1,0.0,2.1,True
171,soccer/world/world-cup-2006/netherlands-argentina-YD5GKD3p,21.06.2006,Netherlands,Argentina,0:0,3.4,3.0,2.0,https://www.betexplorer.com/soccer/world/world-cup-2006/results/?stage=z1qq3mkL,2006-06-21,2006-06,world,2006,world-cup,N,1.0,3.0,False
172,soccer/world/world-cup-2006/paraguay-trinidad-tobago-fZCOSyd4,20.06.2006,Paraguay,Trinidad &amp; Tobago,2:0,1.8,3.75,3.3,https://www.betexplorer.com/soccer/world/world-cup-2006/results/?stage=z1qq3mkL,2006-06-20,2006-06,world,2006,world-cup,1,0.0,1.8,True
173,soccer/world/world-cup-2006/sweden-england-ra9KTHtb,20.06.2006,Sweden,England,2:2,3.1,2.62,2.37,https://www.betexplorer.com/soccer/world/world-cup-2006/results/?stage=z1qq3mkL,2006-06-20,2006-06,world,2006,world-cup,N,1.0,2.62,False
174,soccer/world/world-cup-2006/costa-rica-poland-YuIkCGBN,20.06.2006,Costa Rica,Poland,1:2,4.5,3.3,1.66,https://www.betexplorer.com/soccer/world/world-cup-2006/results/?stage=z1qq3mkL,2006-06-20,2006-06,world,2006,world-cup,2,2.0,1.66,True
175,soccer/world/world-cup-2006/saudi-arabia-ukraine-baBqos80,19.06.2006,Saudi Arabia,Ukraine,0:4,7.0,3.75,1.4,https://www.betexplorer.com/soccer/world/world-cup-2006/results/?stage=z1qq3mkL,2006-06-19,2006-06,world,2006,world-cup,2,2.0,1.4,True
176,soccer/world/world-cup-2006/spain-tunisia-xjAmp1N6,19.06.2006,Spain,Tunisia,3:1,1.3,4.0,9.5,https://www.betexplorer.com/soccer/world/world-cup-2006/results/?stage=z1qq3mkL,2006-06-19,2006-06,world,2006,world-cup,1,0.0,1.3,True
177,soccer/world/world-cup-2006/togo-switzerland-p8Dig50K,19.06.2006,Togo,Switzerland,0:2,6.5,3.6,1.44,https://www.betexplorer.com/soccer/world/world-cup-2006/results/?stage=z1qq3mkL,2006-06-19,2006-06,world,2006,world-cup,2,2.0,1.44,True
178,soccer/world/world-cup-2006/france-south-korea-6HEmfooE,18.06.2006,France,South Korea,1:1,1.44,3.5,7.0,https://www.betexplorer.com/soccer/world/world-cup-2006/results/?stage=z1qq3mkL,2006-06-18,2006-06,world,2006,world-cup,N,1.0,3.5,False
179,soccer/world/world-cup-2006/brazil-australia-tjsfzp9l,18.06.2006,Brazil,Australia,2:0,1.2,5.0,11.0,https://www.betexplorer.com/soccer/world/world-cup-2006/results/?stage=z1qq3mkL,2006-06-18,2006-06,world,2006,world-cup,1,0.0,1.2,True
180,soccer/world/world-cup-2006/japan-croatia-bsKsyQgr,18.06.2006,Japan,Croatia,0:0,5.0,3.3,1.61,https://www.betexplorer.com/soccer/world/world-cup-2006/results/?stage=z1qq3mkL,2006-06-18,2006-06,world,2006,world-cup,N,1.0,3.3,False
181,soccer/world/world-cup-2006/czech-republic-ghana-2yK8K491,17.06.2006,Czech Republic,Ghana,0:2,1.61,3.3,5.0,https://www.betexplorer.com/soccer/world/world-cup-2006/results/?stage=z1qq3mkL,2006-06-17,2006-06,world,2006,world-cup,2,2.0,5.0,False
182,soccer/world/world-cup-2006/portugal-iran-2VzGuFuA,17.06.2006,Portugal,Iran,2:0,1.3,4.0,9.5,https://www.betexplorer.com/soccer/world/world-cup-2006/results/?stage=z1qq3mkL,2006-06-17,2006-06,world,2006,world-cup,1,0.0,1.3,True
183,soccer/world/world-cup-2006/mexico-angola-OvxCteQ3,16.06.2006,Mexico,Angola,0:0,1.4,3.5,8.0,https://www.betexplorer.com/soccer/world/world-cup-2006/results/?stage=z1qq3mkL,2006-06-16,2006-06,world,2006,world-cup,N,1.0,3.5,False
184,soccer/world/world-cup-2006/netherlands-ivory-coast-SWSmPgeT,16.06.2006,Netherlands,Ivory Coast,2:1,1.9,3.1,3.6,https://www.betexplorer.com/soccer/world/world-cup-2006/results/?stage=z1qq3mkL,2006-06-16,2006-06,world,2006,world-cup,1,0.0,1.9,True
185,soccer/world/world-cup-2006/england-trinidad-tobago-AoBCVwCo,15.06.2006,England,Trinidad &amp; Tobago,2:0,1.13,5.5,15.0,https://www.betexplorer.com/soccer/world/world-cup-2006/results/?stage=z1qq3mkL,2006-06-15,2006-06,world,2006,world-cup,1,0.0,1.13,True
186,soccer/world/world-cup-2006/sweden-paraguay-lxAGUcRi,15.06.2006,Sweden,Paraguay,1:0,1.9,3.1,3.6,https://www.betexplorer.com/soccer/world/world-cup-2006/results/?stage=z1qq3mkL,2006-06-15,2006-06,world,2006,world-cup,1,0.0,1.9,True
187,soccer/world/world-cup-2006/ecuador-costa-rica-xEOtExsB,15.06.2006,Ecuador,Costa Rica,3:0,1.93,3.18,3.97,https://www.betexplorer.com/soccer/world/world-cup-2006/results/?stage=z1qq3mkL,2006-06-15,2006-06,world,2006,world-cup,1,0.0,1.93,True
188,soccer/world/world-cup-2006/spain-ukraine-bFgSn3wl,14.06.2006,Spain,Ukraine,4:0,1.83,3.13,4.34,https://www.betexplorer.com/soccer/world/world-cup-2006/results/?stage=z1qq3mkL,2006-06-14,2006-06,world,2006,world-cup,1,0.0,1.83,True
189,soccer/world/world-cup-2006/france-switzerland-AVYAW18D,13.06.2006,France,Switzerland,0:0,1.66,3.25,5.4,https://www.betexplorer.com/soccer/world/world-cup-2006/results/?stage=z1qq3mkL,2006-06-13,2006-06,world,2006,world-cup,N,1.0,3.25,False
190,soccer/world/world-cup-2006/south-korea-togo-Wvz7Xsg7,13.06.2006,South Korea,Togo,2:1,1.97,3.09,3.63,https://www.betexplorer.com/soccer/world/world-cup-2006/results/?stage=z1qq3mkL,2006-06-13,2006-06,world,2006,world-cup,1,0.0,1.97,True
191,soccer/world/world-cup-2006/brazil-croatia-ImxFu6oR,13.06.2006,Brazil,Croatia,1:0,1.4,3.5,8.0,https://www.betexplorer.com/soccer/world/world-cup-2006/results/?stage=z1qq3mkL,2006-06-13,2006-06,world,2006,world-cup,1,0.0,1.4,True
192,soccer/world/world-cup-2006/australia-japan-vcwBtnWK,12.06.2006,Australia,Japan,3:1,2.5,3.15,2.8,https://www.betexplorer.com/soccer/world/world-cup-2006/results/?stage=z1qq3mkL,2006-06-12,2006-06,world,2006,world-cup,1,0.0,2.5,True
193,soccer/world/world-cup-2006/italy-ghana-Y1F4Lpfe,12.06.2006,Italy,Ghana,2:0,1.52,3.4,6.75,https://www.betexplorer.com/soccer/world/world-cup-2006/results/?stage=z1qq3mkL,2006-06-12,2006-06,world,2006,world-cup,1,0.0,1.52,True
194,soccer/world/world-cup-2006/usa-czech-republic-fBG0MQvk,12.06.2006,USA,Czech Republic,0:3,4.0,3.2,1.9,https://www.betexplorer.com/soccer/world/world-cup-2006/results/?stage=z1qq3mkL,2006-06-12,2006-06,world,2006,world-cup,2,2.0,1.9,True
195,soccer/world/world-cup-2006/angola-portugal-rTKEsyBc,11.06.2006,Angola,Portugal,0:1,9.0,3.75,1.33,https://www.betexplorer.com/soccer/world/world-cup-2006/results/?stage=z1qq3mkL,2006-06-11,2006-06,world,2006,world-cup,2,2.0,1.33,True
196,soccer/world/world-cup-2006/serbia-and-montenegro-netherlands-K6PuRFQG,11.06.2006,Serbia and Montenegro,Netherlands,0:1,4.19,3.12,1.87,https://www.betexplorer.com/soccer/world/world-cup-2006/results/?stage=z1qq3mkL,2006-06-11,2006-06,world,2006,world-cup,2,2.0,1.87,True
197,soccer/world/world-cup-2006/england-paraguay-S2HgBzRT,10.06.2006,England,Paraguay,1:0,1.62,3.34,5.94,https://www.betexplorer.com/soccer/world/world-cup-2006/results/?stage=z1qq3mkL,2006-06-10,2006-06,world,2006,world-cup,1,0.0,1.62,True
198,soccer/world/world-cup-2006/germany-costa-rica-MwlNGvch,09.06.2006,Germany,Costa Rica,4:2,1.26,4.98,11.54,https://www.betexplorer.com/soccer/world/world-cup-2006/results/?stage=z1qq3mkL,2006-06-09,2006-06,world,2006,world-cup,1,0.0,1.26,True
199,soccer/world/world-cup-2006/poland-ecuador-0UnRFbCb,09.06.2006,Poland,Ecuador,0:2,1.9,3.25,3.75,https://www.betexplorer.com/soccer/world/world-cup-2006/results/?stage=z1qq3mkL,2006-06-09,2006-06,world,2006,world-cup,2,2.0,3.75,False
